Palabras;;;
Lugar;;;
Casas;;;
Cielo;;;
Huevo;;;
Trepa;;;
Jugar;;;
Pizar;;;
Lente;;;
Manos;;;
Viento;;;
Gatos;;;
Ratas;;;
Flora;;;
Cajas;;;
Bello;;;
Llave;;;
Verde;;;
Punto;;;
Tumba;;;
Miedo;;;
Plato;;;
Canto;;;
Fruta;;;
Niños;;;
Rollo;;;
Arena;;;
Rojas;;;
Pared;;;
Lomos;;;
Lucha;;;
Bicho;;;
Pared;;;
Nubes;;;
Cebra;;;
Canto;;;
Baila;;;
Lobos;;;
Aguas;;;
Pista;;;
Playa;;;
Guapa;;;
Noche;;;
Amigo;;;
Dolor;;;
Caber;;;
Bella;;;
Rueda;;;
Ruido;;;
Sillas;;;
Largo;;;
Cajas;;;
Joven;;;
Picos;;;
Calle;;;
Niñas;;;
Dulce;;;
Serio;;;
Escal;;;
Coche;;;
Nieva;;;
Almas;;;
Sapos;;;
Camas;;;
cejas;;;
Guapo;;;
Pinta;;;
Peces;;;
Flora;;;
Pirata;;;
Tecla;;;
Manta;;;
Grana;;;
Chica;;;
Azote;;;
Guitar;;;
Cabra;;;
Gafas;;;
Azote;;;
Lente;;;
Jugar;;;
Cebra;;;
Avion;;;
Colas;;;
Pizza;;;
Llave;;;
Liman;;;
Huevo;;;
Libro;;;
Bosca;;;
Pinto;;;
Tigre;;;
Mesa;;;
Rana;;;
Cama;;;
Fuego;;;
Dama;;;
Grasa;;;
Grano;;;
Brisa;;;
Grano;;;
